setting,phase,wd_sched,lambda0,budget_c,best_acc,diverged,exp,src
mlp/cifar10,SGD,fixed,0.001,0.09999999999999994,57.55,0,e12_fixed,e12
mlp/cifar10,SGD,fixed,0.002,0.19999999999999987,57.78,0,e12_fixed,e12
mlp/cifar10,SGD,fixed,0.003,0.2999999999999999,58.0,0,e12_fixed,e12
mlp/cifar10,SGD,fixed,0.005,0.5,58.13,0,e12_fixed,e12
mlp/cifar10,SGD,fixed,0.0075,0.7500000000000001,57.91,0,e12_fixed,e12
mlp/cifar10,SGD,fixed,0.01,1.0,58.15,0,e12_fixed,e12
mlp/cifar10,SGD,fixed,0.02,2.0,55.59,0,e12_fixed,e12
mlp/cifar10,SGD,iso_product,0.005809,1.000024794962334,55.27,0,e12_matched,e12
mlp/cifar10,SGD,iso_product,0.01162,2.0003938917993302,52.06,0,e12_matched,e12
mlp/cifar10,SGD,iso_product,0.01743,3.0005908376989923,50.02,0,e12_matched,e12
mlp/cifar10,SGD,iso_product,0.02324,4.0007877835986605,48.96,0,e12_matched,e12
mlp/cifar10,SGD,iso_product,0.03485,5.999460166024668,46.16,0,e12_matched,e12
mlp/cifar10,SGD,iso_product,0.05228,9.000051003723677,42.97,0,e12_matched,e12
mlp/cifar10,SGD,iso_product,0.08713,14.999511169748343,36.98,0,e12_matched,e12
mlp/cifar10,SGD,linear,0.01417,0.9998394576975578,56.84,0,e12_matched,e12
mlp/cifar10,SGD,linear,0.02834,1.9996789153951156,56.78,0,e12_matched,e12
mlp/cifar10,SGD,linear,0.04252,3.0002239760974,56.29,0,e12_matched,e12
mlp/cifar10,SGD,linear,0.05669,4.000063433794957,55.03,0,e12_matched,e12
mlp/cifar10,SGD,linear,0.08503,5.999742349190074,53.81,0,e12_matched,e12
mlp/cifar10,SGD,linear,0.1276,9.00349434031111,50.89,0,e12_matched,e12
mlp/cifar10,SGD,linear,0.2126,15.001119880487005,44.98,0,e12_matched,e12
mlp/cifar10,SGD,linear_up,0.03397,1.0000665929438226,54.86,0,e12_matched,e12
mlp/cifar10,SGD,linear_up,0.06794,2.000133185887645,53.49,0,e12_matched,e12
mlp/cifar10,SGD,linear_up,0.1019,2.9999053818361947,52.66,0,e12_matched,e12
mlp/cifar10,SGD,linear_up,0.1359,4.000855165765836,52.06,0,e12_matched,e12
mlp/cifar10,SGD,linear_up,0.2038,5.999810763672389,51.8,0,e12_matched,e12
mlp/cifar10,SGD,linear_up,0.3057,8.999716145508582,51.14,0,e12_matched,e12
mlp/cifar10,SGD,linear_up,0.5095,14.99952690918097,50.25,0,e12_matched,e12
mlp/cifar10,SGDM,fixed,0.0001,0.10000000000000006,51.9,0,e12_fixed,e12
mlp/cifar10,SGDM,fixed,0.0003,0.30000000000000027,55.33,0,e12_fixed,e12
mlp/cifar10,SGDM,fixed,0.0006,0.6000000000000005,56.02,0,e12_fixed,e12
mlp/cifar10,SGDM,fixed,0.001,1.0,56.86,0,e12_fixed,e12
mlp/cifar10,SGDM,fixed,0.002,2.0,56.42,0,e12_fixed,e12
mlp/cifar10,SGDM,fixed,0.003,3.0000000000000004,56.15,0,e12_fixed,e12
mlp/cifar10,SGDM,fixed,0.005,5.000000000000003,52.2,0,e12_fixed,e12
mlp/cifar10,SGDM,iso_product,0.0001936,0.3332842146750001,57.01,0,e12_matched,e12
mlp/cifar10,SGDM,iso_product,0.0005809,1.0000247949623333,58.67,0,e12_matched,e12
mlp/cifar10,SGDM,iso_product,0.0008713,1.4999511169748372,58.46,0,e12_matched,e12
mlp/cifar10,SGDM,iso_product,0.001162,2.000393891799335,57.57,0,e12_matched,e12
mlp/cifar10,SGDM,iso_product,0.001452,2.4996316100625027,56.42,0,e12_matched,e12
mlp/cifar10,SGDM,iso_product,0.001743,3.000590837699,55.75,0,e12_matched,e12
mlp/cifar10,SGDM,iso_product,0.002324,4.00078778359867,53.71,0,e12_matched,e12
mlp/cifar10,SGDM,linear,0.0004724,0.3333268594328345,54.71,0,e12_matched,e12
mlp/cifar10,SGDM,linear,0.001417,0.9998394576975583,55.07,0,e12_matched,e12
mlp/cifar10,SGDM,linear,0.002126,1.5001119880487,55.71,0,e12_matched,e12
mlp/cifar10,SGDM,linear,0.002834,1.9996789153951167,54.55,0,e12_matched,e12
mlp/cifar10,SGDM,linear,0.003543,2.499951445746258,55.18,0,e12_matched,e12
mlp/cifar10,SGDM,linear,0.004252,3.0002239760974,53.96,0,e12_matched,e12
mlp/cifar10,SGDM,linear,0.005669,4.000063433794958,50.42,0,e12_matched,e12
mlp/cifar10,SGDM,linear_up,0.001132,0.3332573986495166,57.31,0,e12_matched,e12
mlp/cifar10,SGDM,linear_up,0.003397,1.0000665929438224,58.66,0,e12_matched,e12
mlp/cifar10,SGDM,linear_up,0.005095,1.4999526909180976,58.8,0,e12_matched,e12
mlp/cifar10,SGDM,linear_up,0.006794,2.0001331858876448,57.99,0,e12_matched,e12
mlp/cifar10,SGDM,linear_up,0.008492,2.500019283861921,58.01,0,e12_matched,e12
mlp/cifar10,SGDM,linear_up,0.01019,2.999905381836195,57.01,0,e12_matched,e12
mlp/cifar10,SGDM,linear_up,0.01359,4.000855165765838,56.54,0,e12_matched,e12
mlp/mnist,SGD,fixed,0.001,0.5,98.38,0,e12_fixed,e12
mlp/mnist,SGD,fixed,0.002,1.0,98.38,0,e12_fixed,e12
mlp/mnist,SGD,fixed,0.003,1.5000000000000002,98.25,0,e12_fixed,e12
mlp/mnist,SGD,fixed,0.005,2.5000000000000013,98.05,0,e12_fixed,e12
mlp/mnist,SGD,fixed,0.0075,3.7500000000000027,97.73,0,e12_fixed,e12
mlp/mnist,SGD,fixed,0.01,5.000000000000003,97.38,0,e12_fixed,e12
mlp/mnist,SGD,fixed,0.02,10.000000000000005,95.82,0,e12_fixed,e12
mlp/mnist,SGD,iso_product,0.001162,1.0001969458996673,98.32,0,e12_matched,e12
mlp/mnist,SGD,iso_product,0.002324,2.0003938917993347,98.18,0,e12_matched,e12
mlp/mnist,SGD,iso_product,0.003485,2.9997300830123423,97.97,0,e12_matched,e12
mlp/mnist,SGD,iso_product,0.004647,3.9999270289119973,97.78,0,e12_matched,e12
mlp/mnist,SGD,iso_product,0.006971,6.000320920711331,97.45,0,e12_matched,e12
mlp/mnist,SGD,iso_product,0.01046,9.003494022470324,96.93,0,e12_matched,e12
mlp/mnist,SGD,iso_product,0.01743,15.002954188494966,95.68,0,e12_matched,e12
mlp/mnist,SGD,linear,0.002834,0.9998394576975581,98.47,0,e12_matched,e12
mlp/mnist,SGD,linear,0.005669,2.0000317168974786,98.36,0,e12_matched,e12
mlp/mnist,SGD,linear,0.008503,2.9998711745950386,98.29,0,e12_matched,e12
mlp/mnist,SGD,linear,0.01134,4.000769036799683,98.19,0,e12_matched,e12
mlp/mnist,SGD,linear,0.01701,6.001153555199528,97.97,0,e12_matched,e12
mlp/mnist,SGD,linear,0.02551,8.99996632528747,97.69,0,e12_matched,e12
mlp/mnist,SGD,linear,0.04252,15.001119880487005,96.87,0,e12_matched,e12
mlp/mnist,SGD,linear_up,0.006794,1.0000665929438224,98.34,0,e12_matched,e12
mlp/mnist,SGD,linear_up,0.01359,2.000427582882919,98.17,0,e12_matched,e12
mlp/mnist,SGD,linear_up,0.02038,2.9999053818361947,98.12,0,e12_matched,e12
mlp/mnist,SGD,linear_up,0.02717,3.999383180789473,98.05,0,e12_matched,e12
mlp/mnist,SGD,linear_up,0.04076,5.999810763672389,97.88,0,e12_matched,e12
mlp/mnist,SGD,linear_up,0.06114,8.999716145508588,97.67,0,e12_matched,e12
mlp/mnist,SGD,linear_up,0.1019,14.99952690918098,97.4,0,e12_matched,e12
mlp/mnist,SGDM,fixed,0.0001,0.3333333333333333,98.72,0,e12_fixed,e12
mlp/mnist,SGDM,fixed,0.0003,1.0,98.76,0,e12_fixed,e12
mlp/mnist,SGDM,fixed,0.0006,2.0,98.7,0,e12_fixed,e12
mlp/mnist,SGDM,fixed,0.001,3.3333333333333313,98.62,0,e12_fixed,e12
mlp/mnist,SGDM,fixed,0.002,6.6666666666666625,98.58,0,e12_fixed,e12
mlp/mnist,SGDM,fixed,0.003,9.999999999999995,98.44,0,e12_fixed,e12
mlp/mnist,SGDM,fixed,0.005,16.666666666666664,98.02,0,e12_fixed,e12
mlp/mnist,SGDM,iso_product,5.809e-05,0.33334159832077814,98.67,0,e12_matched,e12
mlp/mnist,SGDM,iso_product,0.0001743,1.000196945899665,98.66,0,e12_matched,e12
mlp/mnist,SGDM,iso_product,0.0002614,1.5000085006206116,98.6,0,e12_matched,e12
mlp/mnist,SGDM,iso_product,0.0003485,1.9998200553415526,98.58,0,e12_matched,e12
mlp/mnist,SGDM,iso_product,0.0004357,2.5002054465202788,98.39,0,e12_matched,e12
mlp/mnist,SGDM,iso_product,0.0005228,3.0000170012412233,98.41,0,e12_matched,e12
mlp/mnist,SGDM,iso_product,0.0006971,4.000213947140887,98.25,0,e12_matched,e12
mlp/mnist,SGDM,linear,0.0001417,0.3332798192325192,98.74,0,e12_matched,e12
mlp/mnist,SGDM,linear,0.0004252,1.0000746586991331,98.77,0,e12_matched,e12
mlp/mnist,SGDM,linear,0.0006378,1.500111988048699,98.76,0,e12_matched,e12
mlp/mnist,SGDM,linear,0.0008503,1.999914116396691,98.71,0,e12_matched,e12
mlp/mnist,SGDM,linear,0.001063,2.500186646747831,98.71,0,e12_matched,e12
mlp/mnist,SGDM,linear,0.001276,3.0011647801037027,98.68,0,e12_matched,e12
mlp/mnist,SGDM,linear,0.001701,4.000769036799684,98.76,0,e12_matched,e12
mlp/mnist,SGDM,linear_up,0.0003397,0.333355530981274,98.68,0,e12_matched,e12
mlp/mnist,SGDM,linear_up,0.001019,0.9999684606120641,98.73,0,e12_matched,e12
mlp/mnist,SGDM,linear_up,0.001529,1.5004433525768857,98.6,0,e12_matched,e12
mlp/mnist,SGDM,linear_up,0.002038,1.9999369212241283,98.57,0,e12_matched,e12
mlp/mnist,SGDM,linear_up,0.002548,2.5004118131889492,98.57,0,e12_matched,e12
mlp/mnist,SGDM,linear_up,0.003057,2.999905381836192,98.53,0,e12_matched,e12
mlp/mnist,SGDM,linear_up,0.004076,3.9998738424482565,98.36,0,e12_matched,e12
resnet18/cifar100,SGD,fixed,0.0001,0.02,73.31,0,e6b,e11
resnet18/cifar100,SGD,fixed,0.0003,0.06000000000000002,74.46,0,e6b,e11
resnet18/cifar100,SGD,fixed,0.0005,0.09999999999999994,75.04,0,e8_e4_baseline,e11
resnet18/cifar100,SGD,fixed,0.0005982,0.11963999999999994,75.33,0,e8_e4_baseline,e11
resnet18/cifar100,SGD,fixed,0.001,0.19999999999999987,75.87,0,e8_e4_baseline,e11
resnet18/cifar100,SGD,fixed,0.002,0.39999999999999974,77.47,0,e8_e4_baseline,e11
resnet18/cifar100,SGD,fixed,0.003,0.5999999999999998,77.64,0,e6b,e11
resnet18/cifar100,SGD,fixed,0.005,1.0,77.75,0,e12_ms,e12
resnet18/cifar100,SGD,fixed,0.005,1.0,77.75,0,e8_e4_baseline,e11
resnet18/cifar100,SGD,iso_product,0.0001158,0.03987015708612087,74.18,0,e11_matched,e11
resnet18/cifar100,SGD,iso_product,0.0003475,0.11964490144582927,75.16,0,e11_matched,e11
resnet18/cifar100,SGD,iso_product,0.0005212,0.1794501370750106,75.73,0,e11_matched,e11
resnet18/cifar100,SGD,iso_product,0.000695,0.23928980289165855,75.78,0,e11_matched,e11
resnet18/cifar100,SGD,iso_product,0.0008687,0.29909503852084,76.14,0,e11_matched,e11
resnet18/cifar100,SGD,iso_product,0.001042,0.35876255340015506,76.69,0,e11_matched,e11
resnet18/cifar100,SGD,iso_product,0.00139,0.4785796057833171,77.31,0,e11_matched,e11
resnet18/cifar100,SGD,iso_product,0.002085,0.717869408674976,77.68,0,e11_matched,e11
resnet18/cifar100,SGD,iso_product,0.003127,1.0766319620751297,77.83,0,e11_matched,e11
resnet18/cifar100,SGD,iso_product,0.005212,1.7945013707501043,78.01,0,e11_matched,e11
resnet18/cifar100,SGD,iso_product,0.008687,2.9909503852083983,57.74,0,e11_matched,e11
resnet18/cifar100,SGD,iso_product,0.0139,4.785796057833172,39.63,0,e11_matched,e11
resnet18/cifar100,SGD,iso_product,0.02085,7.178694086749756,31.43,0,e11_matched,e11
resnet18/cifar100,SGD,linear_up,0.0001,0.005887939905468487,73.46,0,e11_raise,e11
resnet18/cifar100,SGD,linear_up,0.0005,0.029439699527342444,74.0,0,e11_raise,e11
resnet18/cifar100,SGD,linear_up,0.0006773,0.03987901697973806,74.09,0,e11_matched,e11
resnet18/cifar100,SGD,linear_up,0.001,0.05887939905468489,74.36,0,e11_raise,e11
resnet18/cifar100,SGD,linear_up,0.002,0.11775879810936977,75.32,0,e11_raise,e11
resnet18/cifar100,SGD,linear_up,0.002032,0.11964293887911964,75.32,0,e11_matched,e11
resnet18/cifar100,SGD,linear_up,0.003048,0.17946440831867946,75.69,0,e11_matched,e11
resnet18/cifar100,SGD,linear_up,0.004064,0.23928587775823928,75.94,0,e11_matched,e11
resnet18/cifar100,SGD,linear_up,0.005,0.2943969952734243,76.46,0,e11_raise,e11
resnet18/cifar100,SGD,linear_up,0.00508,0.2991073471977991,76.22,0,e11_matched,e11
resnet18/cifar100,SGD,linear_up,0.006096,0.3589288166373589,76.98,0,e11_matched,e11
resnet18/cifar100,SGD,linear_up,0.008128,0.47857175551647857,77.53,0,e11_matched,e11
resnet18/cifar100,SGD,linear_up,0.01,0.5887939905468486,77.6,0,e11_raise,e11
resnet18/cifar100,SGD,linear_up,0.01219,0.7177398744766084,77.91,0,e11_matched,e11
resnet18/cifar100,SGD,linear_up,0.01829,1.076904208710186,77.83,0,e11_matched,e11
resnet18/cifar100,SGD,linear_up,0.02,1.1775879810936971,77.94,0,e11_raise,e11
resnet18/cifar100,SGD,linear_up,0.03048,1.794644083186795,78.08,0,e12_ms,e12
resnet18/cifar100,SGD,linear_up,0.03048,1.794644083186795,78.08,0,e11_matched,e11
resnet18/cifar100,SGD,linear_up,0.05,2.9439699527342422,76.32,0,e11_raise,e11
resnet18/cifar100,SGD,linear_up,0.0508,2.9910734719779906,76.59,0,e11_matched,e11
resnet18/cifar100,SGD,linear_up,0.08128,4.785717555164785,59.5,0,e11_matched,e11
resnet18/cifar100,SGD,linear_up,0.1219,7.177398744766082,40.49,0,e11_matched,e11
resnet18/cifar100,SGDM,fixed,5.982e-05,0.09969999999999993,73.01,0,e5b,e11
resnet18/cifar100,SGDM,fixed,9.727e-05,0.16211666666666658,72.42,0,e5b,e11
resnet18/cifar100,SGDM,fixed,0.0001,0.16666666666666663,74.83,0,e1_prelim,e11
resnet18/cifar100,SGDM,fixed,0.0001994,0.3323333333333331,74.62,0,e5b,e11
resnet18/cifar100,SGDM,fixed,0.0002,0.33333333333333326,75.56,0,e1_fine,e11
resnet18/cifar100,SGDM,fixed,0.0003,0.5,76.46,0,e6b,e11
resnet18/cifar100,SGDM,fixed,0.0003242,0.5403333333333331,76.17,0,e5b,e11
resnet18/cifar100,SGDM,fixed,0.0004,0.6666666666666665,75.76,0,e1_rescue,e11
resnet18/cifar100,SGDM,fixed,0.0005,0.8333333333333326,76.73,0,e1_prelim,e11
resnet18/cifar100,SGDM,fixed,0.0005982,0.9969999999999992,76.72,0,e8_e4_baseline,e11
resnet18/cifar100,SGDM,fixed,0.0006,1.0,77.45,0,e1_rescue,e11
resnet18/cifar100,SGDM,fixed,0.0007499999999999,1.249999999999833,76.68,0,e2b,e11
resnet18/cifar100,SGDM,fixed,0.0008,1.333333333333333,77.41,0,e1_rescue,e11
resnet18/cifar100,SGDM,fixed,0.001,1.6666666666666652,77.28,0,e1_prelim,e11
resnet18/cifar100,SGDM,fixed,0.0012,2.0,77.13,0,e1_rescue,e11
resnet18/cifar100,SGDM,fixed,0.0015,2.4999999999999982,77.37,0,e1_rescue,e11
resnet18/cifar100,SGDM,fixed,0.001795,2.991666666666664,76.19,0,e5b,e11
resnet18/cifar100,SGDM,fixed,0.002,3.3333333333333304,76.06,0,e1_fine,e11
resnet18/cifar100,SGDM,fixed,0.00225,3.7499999999999996,75.5,0,e2b,e11
resnet18/cifar100,SGDM,fixed,0.0025,4.166666666666665,74.94,0,e1_rescue,e11
resnet18/cifar100,SGDM,fixed,0.002918,4.8633333333333315,74.24,0,e5b,e11
resnet18/cifar100,SGDM,fixed,0.003,4.9999999999999964,73.57,0,e6b,e11
resnet18/cifar100,SGDM,fixed,0.005,8.33333333333333,68.28,0,e1_prelim,e11
resnet18/cifar100,SGDM,fixed,0.005982,9.969999999999995,63.91,0,e5b,e11
resnet18/cifar100,SGDM,fixed,0.009727,16.21166666666665,44.97,0,e5b,e11
resnet18/cifar100,SGDM,fixed,0.01,16.66666666666666,42.07,0,e1_fine,e11
resnet18/cifar100,SGDM,fixed,0.02,33.33333333333332,3.8,0,e1_prelim,e11
resnet18/cifar100,SGDM,iso_product,0.0001,0.28691822888688095,75.56,0,e9_iso,e11
resnet18/cifar100,SGDM,iso_product,0.0001158,0.3322513090510072,75.86,0,e9_matched,e11
resnet18/cifar100,SGDM,iso_product,0.0003475,0.9970408453819104,78.22,0,e9_matched,e11
resnet18/cifar100,SGDM,iso_product,0.0005,1.434591144434403,77.98,0,e9_iso,e11
resnet18/cifar100,SGDM,iso_product,0.0005212,1.4954178089584211,77.93,0,e11_matched,e11
resnet18/cifar100,SGDM,iso_product,0.000695,1.9940816907638208,78.19,0,e11_matched,e11
resnet18/cifar100,SGDM,iso_product,0.0008687,2.492458654340333,77.62,0,e11_matched,e11
resnet18/cifar100,SGDM,iso_product,0.001,2.869182288868806,77.98,0,e9_iso,e11
resnet18/cifar100,SGDM,iso_product,0.001042,2.9896879450012914,77.5,0,e9_matched,e11
resnet18/cifar100,SGDM,iso_product,0.00139,3.9881633815276416,75.42,0,e11_matched,e11
resnet18/cifar100,SGDM,iso_product,0.002,5.738364577737612,70.36,0,e9_iso,e11
resnet18/cifar100,SGDM,iso_product,0.002085,5.982245072291465,70.04,0,e11_matched,e11
resnet18/cifar100,SGDM,iso_product,0.003127,8.971933017292745,57.58,0,e11_matched,e11
resnet18/cifar100,SGDM,iso_product,0.005,14.345911444344033,22.13,0,e9_iso,e11
resnet18/cifar100,SGDM,linear,0.0002826,0.33233901522621706,74.43,0,e9_matched,e11
resnet18/cifar100,SGDM,linear,0.0008478,0.9970170456786509,76.44,0,e9_matched,e11
resnet18/cifar100,SGDM,linear,0.002543,2.9905807350328018,75.53,0,e9_matched,e11
resnet18/cifar100,SGDM,linear_up,0.0001,0.04906616587890404,72.07,0,e11_raise,e11
resnet18/cifar100,SGDM,linear_up,0.0005,0.24533082939452028,74.92,0,e11_raise,e11
resnet18/cifar100,SGDM,linear_up,0.0006773,0.33232514149781706,75.84,0,e11_matched,e11
resnet18/cifar100,SGDM,linear_up,0.001,0.49066165878904056,76.5,0,e11_raise,e11
resnet18/cifar100,SGDM,linear_up,0.002,0.9813233175780811,77.98,0,e11_raise,e11
resnet18/cifar100,SGDM,linear_up,0.002032,0.9970244906593302,77.81,0,e11_matched,e11
resnet18/cifar100,SGDM,linear_up,0.003048,1.495536735988995,78.44,0,e11_matched,e11
resnet18/cifar100,SGDM,linear_up,0.004064,1.9940489813186604,78.45,0,e11_matched,e11
resnet18/cifar100,SGDM,linear_up,0.005,2.453308293945202,78.28,0,e11_raise,e11
resnet18/cifar100,SGDM,linear_up,0.00508,2.492561226648325,77.77,0,e11_matched,e11
resnet18/cifar100,SGDM,linear_up,0.006096,2.99107347197799,77.44,0,e11_matched,e11
resnet18/cifar100,SGDM,linear_up,0.008128,3.9880979626373207,76.18,0,e11_matched,e11
resnet18/cifar100,SGDM,linear_up,0.01,4.906616587890404,74.13,0,e11_raise,e11
resnet18/cifar100,SGDM,linear_up,0.01219,5.981165620638401,72.53,0,e11_matched,e11
resnet18/cifar100,SGDM,linear_up,0.01829,8.974201739251548,64.49,0,e11_matched,e11
resnet18/cifar100,SGDM,linear_up,0.02,9.813233175780807,61.38,0,e11_raise,e11
resnet18/cifar100,SGDM,linear_up,0.05,24.53308293945201,32.71,0,e11_raise,e11
resnet50/cifar100,SGD,fixed,0.001,0.19999999999999987,77.63,0,e12_fixed,e12
resnet50/cifar100,SGD,fixed,0.002,0.39999999999999974,78.64,0,e12_fixed,e12
resnet50/cifar100,SGD,fixed,0.003,0.5999999999999998,78.94,0,e12_fixed,e12
resnet50/cifar100,SGD,fixed,0.005,1.0,79.21,0,e12_fixed,e12
resnet50/cifar100,SGD,fixed,0.0075,1.5000000000000002,78.98,0,e12_fixed,e12
resnet50/cifar100,SGD,fixed,0.01,2.0,78.65,0,e12_fixed,e12
resnet50/cifar100,SGD,fixed,0.02,4.0,73.4,0,e12_fixed,e12
resnet50/cifar100,SGDM,fixed,0.0001,0.10395010395010401,72.66,0,e12_fixed,e12
resnet50/cifar100,SGDM,fixed,0.000256,0.26611226611226635,76.19,0,e4,e11
resnet50/cifar100,SGDM,fixed,0.0003,0.3118503118503121,74.94,0,e12_fixed,e12
resnet50/cifar100,SGDM,fixed,0.000598,0.621621621621622,76.86,0,e4,e11
resnet50/cifar100,SGDM,fixed,0.0006,0.6237006237006242,76.07,0,e12_fixed,e12
resnet50/cifar100,SGDM,fixed,0.000962,1.0,78.2,0,e4,e11
resnet50/cifar100,SGDM,fixed,0.001,1.0395010395010393,75.66,0,e12_fixed,e12
resnet50/cifar100,SGDM,fixed,0.002,2.0790020790020787,72.34,0,e12_fixed,e12
resnet50/cifar100,SGDM,fixed,0.003,3.118503118503119,64.52,0,e12_fixed,e12
resnet50/cifar100,SGDM,fixed,0.005,5.1975051975052,55.48,0,e12_fixed,e12
vgg16/cifar100,SGD,fixed,0.001,0.09999999999999994,72.35,0,e12_fixed,e12
vgg16/cifar100,SGD,fixed,0.002,0.19999999999999987,73.67,0,e12_fixed,e12
vgg16/cifar100,SGD,fixed,0.003,0.2999999999999999,74.2,0,e12_fixed,e12
vgg16/cifar100,SGD,fixed,0.005,0.5,74.83,0,e12_fixed,e12
vgg16/cifar100,SGD,fixed,0.0075,0.7500000000000001,74.95,0,e12_fixed,e12
vgg16/cifar100,SGD,fixed,0.01,1.0,75.16,0,e12_fixed,e12
vgg16/cifar100,SGD,fixed,0.02,2.0,74.1,0,e12_fixed,e12
vgg16/cifar100,SGD,iso_product,0.005809,1.000024794962334,75.89,0,e12_matched,e12
vgg16/cifar100,SGD,iso_product,0.01162,2.0003938917993302,47.34,0,e12_matched,e12
vgg16/cifar100,SGD,iso_product,0.01743,3.0005908376989923,31.69,0,e12_matched,e12
vgg16/cifar100,SGD,iso_product,0.02324,4.0007877835986605,22.46,0,e12_matched,e12
vgg16/cifar100,SGD,iso_product,0.03485,5.999460166024668,11.38,0,e12_matched,e12
vgg16/cifar100,SGD,iso_product,0.05228,9.000051003723677,4.31,0,e12_matched,e12
vgg16/cifar100,SGD,iso_product,0.08713,14.999511169748343,3.83,0,e12_matched,e12
vgg16/cifar100,SGD,linear,0.01417,0.9998394576975578,74.29,0,e12_matched,e12
vgg16/cifar100,SGD,linear,0.02834,1.9996789153951156,73.44,0,e12_matched,e12
vgg16/cifar100,SGD,linear,0.04252,3.0002239760974,66.26,0,e12_matched,e12
vgg16/cifar100,SGD,linear,0.05669,4.000063433794957,4.21,0,e12_matched,e12
vgg16/cifar100,SGD,linear,0.08503,5.999742349190074,4.04,0,e12_matched,e12
vgg16/cifar100,SGD,linear,0.1276,9.00349434031111,2.52,0,e12_matched,e12
vgg16/cifar100,SGD,linear,0.2126,15.001119880487005,1.0,0,e12_matched,e12
vgg16/cifar100,SGD,linear_up,0.03397,1.0000665929438226,75.43,0,e12_matched,e12
vgg16/cifar100,SGD,linear_up,0.06794,2.000133185887645,70.48,0,e12_matched,e12
vgg16/cifar100,SGD,linear_up,0.1019,2.9999053818361947,45.21,0,e12_matched,e12
vgg16/cifar100,SGD,linear_up,0.1359,4.000855165765836,35.91,0,e12_matched,e12
vgg16/cifar100,SGD,linear_up,0.2038,5.999810763672389,28.99,0,e12_matched,e12
vgg16/cifar100,SGD,linear_up,0.3057,8.999716145508582,25.53,0,e12_matched,e12
vgg16/cifar100,SGD,linear_up,0.5095,14.99952690918097,18.47,0,e12_matched,e12
vgg16/cifar100,SGDM,fixed,0.0001,0.10395010395010401,69.29,0,e12_fixed,e12
vgg16/cifar100,SGDM,fixed,0.000256,0.26611226611226635,72.05,0,e4,e11
vgg16/cifar100,SGDM,fixed,0.0003,0.3118503118503121,72.27,0,e12_fixed,e12
vgg16/cifar100,SGDM,fixed,0.000598,0.621621621621622,72.67,0,e4,e11
vgg16/cifar100,SGDM,fixed,0.0006,0.6237006237006242,72.95,0,e12_fixed,e12
vgg16/cifar100,SGDM,fixed,0.000962,1.0,73.43,0,e4,e11
vgg16/cifar100,SGDM,fixed,0.001,1.0395010395010393,73.02,0,e12_fixed,e12
vgg16/cifar100,SGDM,fixed,0.002,2.0790020790020787,72.39,0,e12_fixed,e12
vgg16/cifar100,SGDM,fixed,0.003,3.118503118503119,71.16,0,e12_fixed,e12
vgg16/cifar100,SGDM,fixed,0.005,5.1975051975052,67.5,0,e12_fixed,e12
vgg16/cifar100,SGDM,iso_product,0.0001936,0.34644928760395016,72.86,0,e12_matched,e12
vgg16/cifar100,SGDM,iso_product,0.0005809,1.0395268138901594,74.24,0,e12_matched,e12
vgg16/cifar100,SGDM,iso_product,0.0008713,1.5592007452960885,73.68,0,e12_matched,e12
vgg16/cifar100,SGDM,iso_product,0.001162,2.0794115299369382,72.35,0,e12_matched,e12
vgg16/cifar100,SGDM,iso_product,0.001452,2.5983696570296284,71.86,0,e12_matched,e12
vgg16/cifar100,SGDM,iso_product,0.001743,3.119117294905405,69.77,0,e12_matched,e12
vgg16/cifar100,SGDM,iso_product,0.002324,4.1588230598738765,66.57,0,e12_matched,e12
vgg16/cifar100,SGDM,linear,0.0004724,0.34649361687404834,72.24,0,e12_matched,e12
vgg16/cifar100,SGDM,linear,0.001417,1.0393341556107674,72.46,0,e12_matched,e12
vgg16/cifar100,SGDM,linear,0.002126,1.5593679709445945,72.16,0,e12_matched,e12
vgg16/cifar100,SGDM,linear,0.002834,2.0786683112215347,71.57,0,e12_matched,e12
vgg16/cifar100,SGDM,linear,0.003543,2.5987021265553616,71.4,0,e12_matched,e12
vgg16/cifar100,SGDM,linear,0.004252,3.118735941889189,70.06,0,e12_matched,e12
vgg16/cifar100,SGDM,linear,0.005669,4.158070097499956,68.02,0,e12_matched,e12
vgg16/cifar100,SGDM,linear_up,0.001132,0.3464214123175848,73.07,0,e12_matched,e12
vgg16/cifar100,SGDM,linear_up,0.003397,1.0395702629353663,73.84,0,e12_matched,e12
vgg16/cifar100,SGDM,linear_up,0.005095,1.5592023814117437,73.11,0,e12_matched,e12
vgg16/cifar100,SGDM,linear_up,0.006794,2.0791405258707325,72.47,0,e12_matched,e12
vgg16/cifar100,SGDM,linear_up,0.008492,2.598772644347111,71.79,0,e12_matched,e12
vgg16/cifar100,SGDM,linear_up,0.01019,3.1184047628234874,70.72,0,e12_matched,e12
vgg16/cifar100,SGDM,linear_up,0.01359,4.158893103706692,67.79,0,e12_matched,e12
